sweep,energy,max_bond_dim
0,0.09497602577561864,4
20,-10.288009567846073,4
