label,energy
initial,0.12366550893967918
dmrg,-8.999999999969198
exact,-9.0
