sweep,energy,max_bond_dim
0,0.4805072446030798,4
20,-10.288009567846071,4
